,Biuro,Chillout,Czytelnia,Kawiarnia,Toaleta,Wej≈õcie
0,0,0,0,0,0,0
1,0,0,0,0,0,0
2,0,0,0,0,0,0
3,0,0,0,0,0,0
4,0,0,0,0,0,0
5,0,0,0,0,0,0
6,0,0,0,0,0,0
7,0,0,0,0,0,0
8,0,0,0,0,0,0
9,0,0,0,0,0,0
10,0,0,0,0,0,0
11,0,0,0,0,0,0
12,0,0,0,0,0,0
13,0,0,0,0,0,0
14,0,0,0,0,0,0
15,0,0,0,0,0,0
16,0,0,0,0,0,0
17,0,0,0,0,0,0
18,0,0,0,0,0,0
19,0,0,0,0,0,0
20,0,0,0,0,0,0
21,0,0,0,0,0,0
22,0,0,0,0,0,0
23,0,0,0,0,0,0
24,0,0,0,0,0,0
25,0,0,0,0,0,0
26,0,0,0,0,0,0
27,0,0,0,0,0,0
28,0,0,0,0,0,0
29,0,0,0,0,0,0
30,0,0,0,0,0,0
31,0,0,0,0,0,0
32,0,0,0,0,0,0
33,0,0,0,0,0,0
34,0,0,0,0,0,0
35,0,0,0,0,0,0
36,0,0,0,0,0,0
37,0,0,0,0,0,0
38,0,0,0,0,0,0
39,0,0,0,0,0,0
40,0,0,0,0,0,0
41,0,0,0,0,0,0
42,0,0,0,0,0,0
43,0,0,0,0,0,0
44,0,0,0,0,0,0
45,0,0,0,0,0,0
46,0,0,0,0,0,0
47,0,0,0,0,0,0
48,0,0,0,0,0,0
49,0,0,0,0,0,0
50,0,0,0,0,0,0
51,0,0,0,0,0,0
52,0,0,0,0,0,0
53,0,0,0,0,0,0
54,0,0,0,0,0,0
55,0,0,0,0,0,0
56,0,0,0,0,0,0
57,0,0,0,0,0,0
58,0,0,0,0,0,0
59,0,0,0,0,0,0
60,0,0,0,0,0,0
61,0,0,0,0,0,0
62,0,0,0,0,0,0
63,0,0,0,0,0,0
64,0,0,0,0,0,0
65,0,0,0,0,0,0
66,0,0,0,0,0,0
67,0,0,0,0,0,0
68,0,0,0,0,0,0
69,0,0,0,0,0,0
70,0,0,0,0,0,0
71,0,0,0,0,0,0
72,0,0,0,0,0,0
73,0,0,0,0,0,0
74,0,0,0,0,0,0
75,0,0,0,0,0,0
76,0,0,0,0,0,0
77,0,0,0,0,0,0
78,0,0,0,0,0,0
79,0,0,0,0,0,0
80,0,0,0,0,0,0
81,0,0,0,0,0,0
82,0,0,0,0,0,0
83,0,0,0,0,0,0
84,0,0,0,0,0,0
85,0,0,0,0,0,0
86,0,0,0,0,0,0
87,0,0,0,0,0,0
88,0,0,0,0,0,0
89,0,0,0,0,0,0
90,0,0,0,0,0,0
91,0,0,0,0,0,0
92,0,0,0,0,0,0
93,0,0,0,0,0,0
94,0,0,0,0,0,0
95,0,0,0,0,0,0
96,0,0,0,0,0,0
97,0,0,0,0,0,0
98,0,0,0,0,0,0
99,0,0,0,0,0,0
100,0,0,0,0,0,0
101,0,0,0,0,0,0
102,0,0,0,0,0,0
103,0,0,0,0,0,0
104,0,0,0,0,0,0
105,0,0,0,0,0,0
106,0,0,0,0,0,0
107,0,0,0,0,0,0
108,0,0,0,0,0,0
109,0,0,0,0,0,0
110,0,0,0,0,0,0
111,0,0,0,0,0,0
112,0,0,0,0,0,0
113,0,0,0,0,0,0
114,0,0,0,0,0,0
115,0,0,0,0,0,0
116,0,0,0,0,0,0
117,0,0,0,0,0,0
118,0,0,0,0,0,0
119,0,0,0,0,0,0
120,0,0,0,0,0,0
121,0,0,0,0,0,0
122,0,0,0,0,0,0
123,0,0,0,0,0,0
124,0,0,0,0,0,0
125,0,0,0,0,0,0
126,0,0,0,0,0,0
127,0,0,0,0,0,0
128,0,0,0,0,0,0
129,0,0,0,0,0,0
130,0,0,0,0,0,0
131,0,0,0,0,0,0
132,0,0,0,0,0,0
133,0,0,0,0,0,0
134,0,0,0,0,0,0
135,0,0,0,0,0,0
136,0,0,0,0,0,0
137,0,0,0,0,0,0
138,0,0,0,0,0,0
139,0,0,0,0,0,0
140,0,0,0,0,0,0
141,0,0,0,0,0,0
142,0,0,0,0,0,0
143,0,0,0,0,0,0
144,0,0,0,0,0,0
145,0,0,0,0,0,0
146,0,0,0,0,0,0
147,0,0,0,0,0,0
148,0,0,0,0,0,0
149,0,0,0,0,0,0
150,0,0,0,0,0,0
151,0,0,0,0,0,0
152,0,0,0,0,0,0
153,0,0,0,0,0,0
154,0,0,0,0,0,0
155,0,0,0,0,0,0
156,0,0,0,0,0,0
157,0,0,0,0,0,0
158,0,0,0,0,0,0
159,0,0,0,0,0,0
160,0,0,0,0,0,0
161,0,0,0,0,0,0
162,0,0,0,0,0,0
163,0,0,0,0,0,0
164,0,0,0,0,0,0
165,0,0,0,0,0,0
166,0,0,0,0,0,0
167,0,0,0,0,0,0
168,0,0,0,0,0,0
169,0,0,0,0,0,0
170,0,0,0,0,0,0
171,0,0,0,0,0,0
172,0,0,0,0,0,0
173,0,0,0,0,0,0
174,0,0,0,0,0,0
175,0,0,0,0,0,0
176,0,0,0,0,0,0
177,0,0,0,0,0,0
178,0,0,0,0,0,0
179,0,0,0,0,0,0
180,0,0,0,0,0,0
181,0,0,0,0,0,0
182,0,0,0,0,0,0
183,0,0,0,0,0,0
184,0,0,0,0,0,0
185,0,0,0,0,0,0
186,0,0,0,0,0,0
187,0,0,0,0,0,0
188,0,0,0,0,0,0
189,0,0,0,0,0,0
190,0,0,0,0,0,0
191,0,0,0,0,0,0
192,0,0,0,0,0,0
193,0,0,0,0,0,0
194,0,0,0,0,0,0
195,0,0,0,0,0,0
196,0,0,0,0,0,0
197,0,0,0,0,0,0
198,0,0,0,0,0,0
199,0,0,0,0,0,0
200,0,0,0,0,0,0
201,0,0,0,0,0,0
202,0,0,0,0,0,0
203,0,0,0,0,0,0
204,0,0,0,0,0,0
205,0,0,0,0,0,0
206,0,0,0,0,0,0
207,0,0,0,0,0,0
208,0,0,0,0,0,0
209,0,0,0,0,0,0
210,0,0,0,0,0,0
211,0,0,0,0,0,0
212,0,0,0,0,0,0
213,0,0,0,0,0,0
214,0,0,0,0,0,0
215,0,0,0,0,0,0
216,0,0,0,0,0,0
217,0,0,0,0,0,0
218,0,0,0,0,0,0
219,0,0,0,0,0,0
220,0,0,0,0,0,0
221,0,0,0,0,0,0
222,0,0,0,0,0,0
223,0,0,0,0,0,0
224,0,0,0,0,0,0
225,0,0,0,0,0,0
226,0,0,0,0,0,0
227,0,0,0,0,0,0
228,0,0,0,0,0,0
229,0,0,0,0,0,0
230,0,0,0,0,0,0
231,0,0,0,0,0,0
232,0,0,0,0,0,0
233,0,0,0,0,0,0
234,0,0,0,0,0,0
235,0,0,0,0,0,0
236,0,0,0,0,0,0
237,0,0,0,0,0,0
238,0,0,0,0,0,0
239,0,0,0,0,0,0
240,0,0,0,0,0,0
241,0,0,0,0,0,0
242,0,0,0,0,0,0
243,0,0,0,0,0,0
244,0,0,0,0,0,0
245,0,0,0,0,0,0
246,0,0,0,0,0,0
247,0,0,0,0,0,0
248,0,0,0,0,0,0
249,0,0,0,0,0,0
250,0,0,0,0,0,0
251,0,0,0,0,0,0
252,0,0,0,0,0,0
253,0,0,0,0,0,0
254,0,0,0,0,0,0
255,0,0,0,0,0,0
256,0,0,0,0,0,0
257,0,0,0,0,0,0
258,0,0,0,0,0,0
259,0,0,0,0,0,0
260,0,0,0,0,0,0
261,0,0,0,0,0,0
262,0,0,0,0,0,0
263,0,0,0,0,0,0
264,0,0,0,0,0,0
265,0,0,0,0,0,0
266,0,0,0,0,0,0
267,0,0,0,0,0,0
268,0,0,0,0,0,0
269,0,0,0,0,0,0
270,0,0,0,0,0,0
271,0,0,0,0,0,0
272,0,0,0,0,0,0
273,0,0,0,0,0,0
274,0,0,0,0,0,0
275,0,0,0,0,0,0
276,0,0,0,0,0,0
277,0,0,0,0,0,0
278,0,0,0,0,0,0
279,0,0,0,0,0,0
280,0,0,0,0,0,0
281,0,0,0,0,0,0
282,0,0,0,0,0,0
283,0,0,0,0,0,0
284,0,0,0,0,0,0
285,0,0,0,0,0,0
286,0,0,0,0,0,0
287,0,0,0,0,0,0
288,0,0,0,0,0,0
289,0,0,0,0,0,0
290,0,0,0,0,0,0
291,0,0,0,0,0,0
292,0,0,0,0,0,0
293,0,0,0,0,0,0
294,0,0,0,0,0,0
295,0,0,0,0,0,0
296,0,0,0,0,0,0
297,0,0,0,0,0,0
298,0,0,0,0,0,0
299,0,0,0,0,0,0
300,0,0,0,0,0,0
301,0,0,0,0,0,0
302,0,0,0,0,0,0
303,0,0,0,0,0,0
304,0,0,0,0,0,0
305,0,0,0,0,0,0
306,0,0,0,0,0,0
307,0,0,0,0,0,0
308,0,0,0,0,0,0
309,0,0,0,0,0,0
310,0,0,0,0,0,0
311,0,0,0,0,0,0
312,0,0,0,0,0,0
313,0,0,0,0,0,0
314,0,0,0,0,0,0
315,0,0,0,0,0,0
316,0,0,0,0,0,0
317,0,0,0,0,0,0
318,0,0,0,0,0,0
319,0,0,0,0,0,0
320,0,0,0,0,0,0
321,0,0,0,0,0,0
322,0,0,0,0,0,0
323,0,0,0,0,0,0
324,0,0,0,0,0,0
325,0,0,0,0,0,0
326,0,0,0,0,0,0
327,0,0,0,0,0,0
328,0,0,0,0,0,0
329,0,0,0,0,0,0
330,0,0,0,0,0,0
331,0,0,0,0,0,0
332,0,0,0,0,0,0
333,0,0,0,0,0,0
334,0,0,0,0,0,0
335,0,0,0,0,0,0
336,0,0,0,0,0,0
337,0,0,0,0,0,0
338,0,0,0,0,0,0
339,0,0,0,0,0,0
340,0,0,0,0,0,0
341,0,0,0,0,0,0
342,0,0,0,0,0,0
343,0,0,0,0,0,0
344,0,0,0,0,0,0
345,0,0,0,0,0,0
346,0,0,0,0,0,0
347,0,0,0,0,0,0
348,0,0,0,0,0,0
349,0,0,0,0,0,0
350,0,0,0,0,0,0
351,0,0,0,0,0,0
352,0,0,0,0,0,0
353,0,0,0,0,0,0
354,0,0,0,0,0,0
355,0,0,0,0,0,0
356,0,0,0,0,0,0
357,0,0,0,0,0,0
358,0,0,0,0,0,0
359,0,0,0,0,0,0
360,0,0,0,0,0,0
361,0,0,0,0,0,0
362,0,0,0,0,0,0
363,0,0,0,0,0,0
364,0,0,0,0,0,0
365,0,0,0,0,0,0
366,0,0,0,0,0,0
367,0,0,0,0,0,0
368,0,0,0,0,0,0
369,0,0,0,0,0,0
370,0,0,0,0,0,0
371,0,0,0,0,0,0
372,0,0,0,0,0,0
373,0,0,0,0,0,0
374,0,0,0,0,0,0
375,0,0,0,0,0,0
376,0,0,0,0,0,0
377,0,0,0,0,0,0
378,0,0,0,0,0,0
379,0,0,0,0,0,0
380,0,0,0,0,0,0
381,0,0,0,0,0,0
382,0,0,0,0,0,0
383,0,0,0,0,0,0
384,0,0,0,0,0,0
385,0,0,0,0,0,0
386,0,0,0,0,0,0
387,0,0,0,0,0,0
388,0,0,0,0,0,0
389,0,0,0,0,0,0
390,0,0,0,0,0,0
391,0,0,0,0,0,0
392,0,0,0,0,0,0
393,0,0,0,0,0,0
394,0,0,0,0,0,0
395,0,0,0,0,0,0
396,0,0,0,0,0,0
397,0,0,0,0,0,0
398,0,0,0,0,0,0
399,0,0,0,0,0,0
400,0,0,0,0,0,0
401,0,0,0,0,0,0
402,0,0,0,0,0,0
403,0,0,0,0,0,0
404,0,0,0,0,0,0
405,0,0,0,0,0,0
406,0,0,0,0,0,0
407,0,0,0,0,0,0
408,0,0,0,0,0,0
409,0,0,0,0,0,0
410,0,0,0,0,0,0
411,0,0,0,0,0,0
412,0,0,0,0,0,0
413,0,0,0,0,0,0
414,0,0,0,0,0,0
415,0,0,0,0,0,0
416,0,0,0,0,0,0
417,0,0,0,0,0,0
418,0,0,0,0,0,0
419,0,0,0,0,0,0
420,0,0,0,0,0,0
421,0,0,0,1,0,0
422,1,0,0,1,0,0
423,1,0,1,1,0,0
424,2,0,1,1,0,0
425,2,0,2,1,0,0
426,3,0,2,1,0,0
427,3,0,3,1,0,0
428,3,0,4,1,0,0
429,3,0,4,2,0,0
430,3,0,5,2,0,0
431,4,0,5,2,0,0
432,6,0,4,2,0,0
433,6,0,4,3,0,0
434,6,0,5,3,0,0
435,6,0,5,4,0,0
436,7,0,4,5,0,0
437,9,0,3,5,0,0
438,9,0,4,5,0,0
439,9,0,3,7,0,0
440,11,0,2,7,0,0
441,11,0,3,7,0,0
442,11,0,4,7,0,0
443,12,0,3,8,0,0
444,12,0,3,9,0,0
445,12,0,3,10,0,0
446,13,0,3,10,0,0
447,13,0,3,11,0,0
448,13,0,3,12,0,0
449,13,0,3,13,0,0
450,13,0,3,14,0,0
451,15,0,1,15,0,0
452,15,0,2,15,0,0
453,16,0,3,14,0,0
454,16,0,3,15,0,0
455,17,0,3,15,0,0
456,18,0,3,15,0,0
457,18,0,4,15,0,0
458,18,0,5,15,0,0
459,19,0,5,15,0,0
460,19,0,7,14,0,0
461,20,0,7,14,0,0
462,20,0,8,14,0,0
463,19,0,9,14,1,0
464,20,0,8,15,1,0
465,21,0,8,15,1,0
466,23,0,9,14,0,0
467,26,0,8,13,0,0
468,25,0,8,14,1,0
469,25,0,8,15,1,0
470,27,0,8,14,1,0
471,32,0,5,14,0,0
472,32,0,5,15,0,0
473,33,0,2,18,0,0
474,33,0,3,18,0,0
475,34,0,5,16,0,0
476,35,0,5,16,0,0
477,34,0,6,16,1,0
478,35,0,5,17,1,0
479,35,0,6,17,1,0
480,35,0,7,18,0,0
481,37,0,8,17,0,0
482,40,0,9,15,0,0
483,40,0,9,17,0,0
484,40,0,9,19,0,0
485,40,0,7,23,0,0
486,43,0,8,21,0,0
487,44,0,8,22,0,0
488,45,0,8,22,1,0
489,46,0,7,24,1,0
490,47,0,8,24,1,0
491,48,0,7,27,0,0
492,50,0,8,26,0,0
493,50,0,9,27,0,0
494,50,0,10,28,0,0
495,52,0,9,29,0,0
496,53,0,9,29,1,0
497,52,0,11,30,1,0
498,51,0,11,33,1,0
499,52,0,11,35,0,0
500,54,0,14,32,0,0
501,54,0,14,33,1,0
502,59,0,11,33,1,0
503,60,0,12,33,1,0
504,62,0,13,32,1,0
505,63,0,14,33,0,0
506,64,0,14,33,1,0
507,65,0,15,33,1,0
508,65,0,15,34,2,0
509,65,0,15,37,1,0
510,69,0,13,37,1,0
511,71,0,15,35,1,0
512,70,0,16,38,0,0
513,69,0,16,41,0,0
514,71,0,17,40,0,0
515,72,0,17,41,0,0
516,74,0,19,38,1,0
517,74,0,18,40,2,0
518,77,0,17,40,2,0
519,77,0,18,41,2,0
520,78,0,20,41,1,0
521,78,0,20,44,0,0
522,79,0,24,41,0,0
523,78,0,24,43,1,0
524,78,0,25,44,1,0
525,80,0,21,47,2,0
526,83,0,25,43,1,0
527,84,0,25,44,1,0
528,82,0,27,44,3,0
529,83,0,26,46,3,0
530,86,0,23,49,2,0
531,87,0,24,49,2,0
532,86,0,27,49,2,0
533,86,0,27,51,2,0
534,92,0,24,50,2,0
535,93,0,26,48,3,0
536,94,0,27,49,2,0
537,93,0,30,49,2,0
538,94,0,30,49,3,0
539,96,0,30,49,3,0
540,96,0,31,50,3,0
541,96,0,33,49,4,0
542,97,0,32,51,4,0
543,99,0,31,53,3,0
544,99,0,31,54,4,0
545,101,0,31,55,3,0
546,104,0,31,55,2,0
547,107,0,30,56,1,0
548,108,0,28,57,3,0
549,109,0,30,55,4,0
550,107,0,32,54,7,0
551,108,0,31,57,6,0
552,107,0,30,60,6,0
553,107,0,35,57,6,0
554,109,0,34,60,4,0
555,117,0,33,56,3,0
556,112,0,38,56,5,0
557,112,0,37,60,4,0
558,107,0,35,64,7,0
559,111,0,33,66,5,0
560,110,0,35,67,5,0
561,110,0,35,67,7,0
562,110,0,37,68,6,0
563,115,0,39,65,4,0
564,119,0,39,63,4,0
565,120,0,39,65,3,0
566,119,0,39,65,5,0
567,120,0,41,65,4,0
568,122,0,40,68,2,0
569,124,0,41,68,1,0
570,126,0,44,64,2,0
571,128,0,41,66,2,0
572,128,0,40,67,3,0
573,128,0,42,65,4,0
574,131,0,43,63,4,0
575,130,0,47,62,2,0
576,131,0,45,63,4,0
577,131,0,48,62,4,0
578,134,0,48,60,5,0
579,138,0,46,60,5,0
580,140,0,49,56,6,0
581,142,1,49,56,5,0
582,145,1,50,56,3,0
583,145,1,51,55,4,0
584,146,1,48,59,4,0
585,147,1,49,57,5,0
586,152,1,48,56,4,0
587,155,1,48,56,3,0
588,151,1,49,56,8,0
589,155,1,51,52,8,0
590,157,1,54,50,7,0
591,162,1,52,50,6,0
592,163,1,53,48,8,0
593,159,1,52,52,10,0
594,164,1,51,52,8,0
595,165,1,53,52,7,0
596,168,1,53,52,6,0
597,165,1,54,55,7,0
598,168,1,55,54,6,0
599,168,1,52,57,5,0
600,169,0,54,57,3,0
601,169,0,52,59,5,0
602,169,0,55,59,3,0
603,168,0,56,59,6,0
604,169,0,54,61,7,0
605,168,0,54,64,8,0
606,170,0,56,63,7,0
607,172,0,59,63,5,0
608,172,0,62,60,8,0
609,174,0,63,60,8,0
610,169,0,63,65,11,0
611,172,1,68,61,9,0
612,175,1,66,64,8,0
613,176,1,68,65,7,0
614,174,1,68,67,8,0
615,174,1,72,68,6,0
616,173,1,76,65,8,0
617,174,1,73,70,7,0
618,172,1,72,72,9,0
619,178,2,70,68,11,0
620,177,2,71,68,12,0
621,178,2,70,72,11,0
622,176,2,71,75,11,0
623,177,3,76,75,7,0
624,179,4,80,71,7,0
625,178,4,81,74,7,0
626,181,4,79,76,7,0
627,181,4,80,76,9,0
628,185,4,78,78,7,0
629,185,4,79,80,6,0
630,187,3,78,80,9,0
631,191,3,80,79,7,0
632,191,3,83,79,7,0
633,195,3,79,80,9,0
634,196,3,82,76,12,0
635,194,3,81,83,10,0
636,196,3,82,85,8,0
637,198,3,83,84,9,0
638,196,3,85,85,11,0
639,191,3,87,88,13,0
640,195,3,84,92,11,0
641,197,2,84,95,10,0
642,200,2,83,94,11,0
643,197,2,88,95,11,0
644,199,3,89,93,12,0
645,197,3,91,94,12,0
646,195,2,93,98,12,0
647,193,1,94,103,12,0
648,191,1,94,104,15,0
649,192,1,95,104,15,0
650,198,1,92,105,13,0
651,201,1,93,106,10,0
652,200,1,93,109,10,0
653,199,1,98,106,12,0
654,202,1,89,112,14,0
655,210,0,86,109,16,0
656,213,0,84,110,16,0
657,212,0,89,109,15,0
658,213,0,94,106,15,0
659,215,0,97,105,14,0
660,214,0,101,105,14,0
661,218,0,108,100,10,0
662,217,0,104,105,10,0
663,212,0,107,108,11,0
664,211,0,111,106,11,0
665,210,0,112,109,10,0
666,204,0,112,114,10,0
667,204,0,111,116,9,0
668,203,0,113,117,9,0
669,201,0,110,122,10,0
670,204,0,108,119,14,0
671,206,0,109,117,13,0
672,208,1,109,118,11,0
673,206,1,104,121,15,0
674,203,1,108,119,16,0
675,205,1,104,123,15,0
676,202,1,107,125,15,0
677,201,1,106,127,16,0
678,194,2,112,126,19,0
679,199,2,117,119,16,0
680,201,2,116,120,15,0
681,200,2,113,125,15,0
682,198,3,116,124,16,0
683,198,3,117,127,12,0
684,192,4,118,128,15,0
685,196,5,116,126,15,0
686,199,6,110,128,17,0
687,201,6,110,128,17,0
688,201,6,108,132,16,0
689,205,6,110,129,15,0
690,205,6,109,133,13,0
691,205,7,107,132,15,0
692,208,7,105,134,12,0
693,205,7,107,131,17,0
694,206,7,105,134,16,0
695,209,8,109,128,16,0
696,212,9,106,127,15,0
697,213,9,107,126,14,0
698,215,9,110,121,15,0
699,211,9,112,124,15,0
700,221,9,112,120,11,0
701,226,9,109,119,12,0
702,230,9,109,120,6,0
703,226,9,107,121,12,0
704,227,8,104,123,15,0
705,221,9,109,125,14,0
706,229,9,103,124,13,0
707,226,9,105,123,15,0
708,229,9,101,119,20,0
709,232,9,101,120,17,0
710,231,8,103,122,16,0
711,230,10,105,113,22,0
712,229,9,109,115,20,0
713,233,9,111,111,19,0
714,237,9,110,109,20,0
715,240,11,103,111,19,0
716,240,11,107,112,16,0
717,244,12,100,118,11,0
718,242,13,99,121,10,0
719,244,13,105,117,5,0
720,241,13,109,118,4,0
721,239,14,108,116,8,0
722,238,13,108,116,8,0
723,232,12,110,119,9,0
724,235,12,109,117,8,0
725,231,12,109,118,11,0
726,232,13,110,114,12,0
727,232,13,110,115,11,0
728,233,13,104,115,16,0
729,231,13,104,113,19,0
730,232,12,99,115,22,0
731,233,11,101,117,18,0
732,237,11,98,112,18,0
733,236,11,103,113,13,0
734,233,12,105,113,12,0
735,235,12,101,112,15,0
736,240,12,98,112,14,0
737,242,12,97,111,14,0
738,242,11,93,114,13,0
739,240,10,94,114,15,0
740,242,10,98,110,13,0
741,242,10,95,114,12,0
742,244,9,89,122,8,0
743,249,8,85,119,12,0
744,246,9,87,122,10,0
745,247,9,87,122,10,0
746,250,9,86,122,8,0
747,250,9,83,122,9,0
748,251,8,83,119,12,0
749,247,9,83,122,10,0
750,246,11,80,123,12,0
751,241,11,82,125,11,0
752,242,11,80,123,13,0
753,239,11,79,120,19,0
754,235,13,75,122,19,0
755,235,12,75,120,22,0
756,242,13,75,116,19,0
757,244,13,76,114,18,0
758,244,13,78,112,18,0
759,241,15,74,115,16,0
760,242,13,74,114,18,0
761,237,15,78,118,14,0
762,240,16,74,118,14,0
763,243,17,76,111,16,0
764,242,17,72,115,14,0
765,234,17,73,123,14,0
766,234,17,75,119,15,0
767,234,16,76,116,17,0
768,227,15,72,122,23,0
769,223,16,77,115,27,0
770,220,16,75,120,27,0
771,222,16,75,119,26,0
772,221,15,77,118,26,0
773,219,15,83,117,22,0
774,221,16,81,116,23,0
775,220,17,87,114,19,0
776,223,19,84,111,19,0
777,218,19,87,114,17,0
778,215,19,89,116,17,0
779,214,22,83,120,16,0
780,208,22,82,121,21,0
781,212,23,76,118,22,0
782,213,23,80,116,20,0
783,209,23,78,117,22,0
784,204,23,77,122,23,0
785,202,24,76,121,24,0
786,197,24,81,124,20,0
787,200,24,84,121,17,0
788,205,24,83,117,18,0
789,199,25,84,119,19,0
790,199,26,84,116,17,0
791,201,28,77,116,19,0
792,192,30,73,120,24,0
793,191,31,74,117,26,0
794,195,30,71,115,28,0
795,191,31,71,120,26,0
796,189,29,73,122,25,0
797,192,31,73,122,19,0
798,191,31,74,127,15,0
799,192,32,80,121,14,0
800,194,34,77,122,12,0
801,196,32,75,123,14,0
802,194,33,76,121,14,0
803,190,33,82,117,16,0
804,192,33,81,118,15,0
805,190,33,81,117,16,0
806,191,33,80,114,18,0
807,195,33,79,114,16,0
808,201,30,78,112,15,0
809,198,30,79,113,16,0
810,198,31,79,110,15,0
811,199,29,72,116,17,0
812,204,29,70,113,16,0
813,199,28,74,112,18,0
814,200,29,71,112,18,0
815,199,27,74,110,20,0
816,200,27,83,105,15,0
817,196,28,79,110,17,0
818,198,28,77,110,15,0
819,193,30,76,114,15,0
820,194,29,78,113,15,0
821,199,27,73,116,13,0
822,198,28,71,115,9,0
823,195,26,72,116,12,0
824,190,26,67,120,18,0
825,189,25,68,118,17,0
826,188,24,69,119,17,0
827,181,26,74,116,20,0
828,180,27,73,119,19,0
829,186,23,76,115,18,0
830,181,23,75,117,20,0
831,180,21,80,118,17,0
832,180,20,78,122,16,0
833,182,20,78,122,14,0
834,181,21,77,123,12,0
835,181,21,79,123,10,0
836,180,22,74,122,13,0
837,181,23,75,121,11,0
838,177,24,69,125,12,0
839,179,25,68,125,9,0
840,178,23,66,129,11,0
841,176,25,64,130,10,0
842,175,25,67,125,10,0
843,170,25,61,128,14,0
844,174,25,62,122,13,0
845,169,25,64,123,13,0
846,165,25,67,126,9,0
847,166,25,64,128,7,0
848,168,23,67,122,8,0
849,169,22,69,119,8,0
850,166,22,69,117,12,0
851,159,21,71,122,13,0
852,159,21,71,116,15,0
853,161,21,68,113,18,0
854,158,22,72,115,14,0
855,156,21,72,119,13,0
856,153,22,74,116,14,0
857,149,24,76,117,12,0
858,149,23,78,115,14,0
859,152,24,75,111,15,0
860,152,23,78,107,15,0
861,147,22,78,109,20,0
862,152,23,77,107,18,0
863,156,23,76,104,18,0
864,153,23,79,105,15,0
865,153,24,79,105,10,0
866,151,25,80,107,9,0
867,154,25,76,108,7,0
868,154,26,77,108,6,0
869,154,25,75,110,6,0
870,156,25,77,104,7,0
871,149,26,76,108,10,0
872,149,24,81,104,9,0
873,150,23,78,102,12,0
874,139,25,81,105,12,0
875,133,26,80,104,16,0
876,134,26,81,104,13,0
877,135,25,76,110,11,0
878,132,25,76,111,10,0
879,134,24,73,110,14,0
880,129,26,72,113,15,0
881,132,28,68,115,11,0
882,128,28,75,109,12,0
883,126,27,70,116,13,0
884,122,27,69,122,12,0
885,123,27,69,124,9,0
886,121,26,71,126,7,0
887,121,27,69,126,7,0
888,123,26,70,121,10,0
889,120,26,71,124,10,0
890,122,25,69,123,11,0
891,119,25,68,124,11,0
892,122,25,67,123,11,0
893,123,23,67,123,10,0
894,119,23,68,121,14,0
895,121,22,70,120,12,0
896,120,21,74,114,15,0
897,119,21,73,114,16,0
898,122,21,67,116,16,0
899,116,23,71,118,14,0
900,117,23,74,113,15,0
901,115,23,75,113,14,0
902,114,23,79,113,11,0
903,112,24,78,116,10,0
904,114,24,78,113,10,0
905,118,23,77,108,12,0
906,117,25,77,106,15,0
907,119,24,75,107,15,0
908,118,27,77,102,15,0
909,117,26,76,104,16,0
910,120,24,75,104,16,0
911,120,24,75,105,14,0
912,117,23,76,108,15,0
913,123,23,78,103,13,0
914,124,23,81,101,12,0
915,116,23,85,100,15,0
916,113,25,83,105,13,0
917,115,26,81,103,15,0
918,113,25,79,105,14,0
919,110,25,84,105,12,0
920,114,24,83,105,10,0
921,114,24,84,106,9,0
922,121,25,82,101,9,0
923,118,27,84,99,11,0
924,120,28,84,98,10,0
925,121,28,80,98,13,0
926,119,29,82,99,12,0
927,115,30,84,99,11,0
928,115,31,79,107,7,0
929,116,31,81,104,8,0
930,122,32,79,103,6,0
931,119,32,81,104,7,0
932,120,31,80,104,9,0
933,117,29,83,105,11,0
934,115,30,80,108,13,0
935,111,29,87,105,13,0
936,112,29,80,109,10,0
937,109,29,81,109,12,0
938,108,28,82,113,9,0
939,110,28,85,110,6,0
940,107,23,91,110,8,0
941,107,23,88,111,8,0
942,105,23,84,113,11,0
943,107,22,84,112,11,0
944,111,23,79,114,10,0
945,110,24,78,115,10,0
946,112,24,78,115,10,0
947,111,24,77,120,8,0
948,118,23,75,119,7,0
949,117,22,72,118,10,0
950,116,22,71,117,12,0
951,114,21,68,122,15,0
952,113,23,66,124,13,0
953,113,23,68,125,10,0
954,114,21,67,126,9,0
955,111,21,73,125,8,0
956,110,20,76,121,10,0
957,115,21,74,120,9,0
958,116,20,77,116,10,0
959,113,20,81,115,10,0
960,111,21,77,121,10,0
961,116,21,75,121,9,0
962,115,20,80,116,10,0
963,120,18,75,117,13,0
964,125,19,71,116,13,0
965,122,17,75,114,15,0
966,123,18,75,114,15,0
967,121,19,78,116,13,0
968,125,19,77,116,10,0
969,132,18,71,113,11,0
970,131,19,70,117,9,0
971,132,19,74,114,6,0
972,129,20,75,113,7,0
973,130,21,77,104,10,0
974,126,20,80,103,13,0
975,126,21,79,102,13,0
976,126,21,81,102,11,0
977,127,22,81,104,9,0
978,130,22,82,99,9,0
979,131,21,83,100,7,0
980,132,22,81,100,7,0
981,131,21,79,99,8,0
982,133,21,79,101,6,0
983,128,20,80,103,9,0
984,132,19,80,102,9,0
985,133,20,75,106,8,0
986,133,20,76,106,8,0
987,136,20,76,108,4,0
988,135,20,72,108,5,0
989,140,20,74,102,5,0
990,139,20,71,104,7,0
991,139,19,67,106,8,0
992,141,17,69,105,6,0
993,141,17,65,105,6,0
994,141,17,65,105,7,0
995,141,15,66,103,9,0
996,137,15,70,103,10,0
997,138,13,69,107,9,0
998,140,13,69,103,12,0
999,142,13,66,104,11,0
1000,137,14,72,105,10,0
1001,136,15,67,108,11,0
1002,140,15,71,104,7,0
1003,145,15,69,102,7,0
1004,143,15,71,105,6,0
1005,141,14,76,107,4,0
1006,146,14,71,104,4,0
1007,144,15,70,106,5,0
1008,145,14,69,101,8,0
1009,140,14,72,102,8,0
1010,137,14,72,102,10,0
1011,133,12,75,101,11,0
1012,136,12,75,100,10,0
1013,140,12,72,102,7,0
1014,142,12,73,98,7,0
1015,141,12,74,98,5,0
1016,140,12,71,100,6,0
1017,142,13,69,95,7,0
1018,144,14,69,95,6,0
1019,145,12,68,96,6,0
1020,145,11,70,95,7,0
1021,145,11,69,95,5,0
1022,146,11,66,98,5,0
1023,150,10,65,97,5,0
1024,148,10,62,96,9,0
1025,147,10,60,96,9,0
1026,148,10,60,95,7,0
1027,146,10,60,92,9,0
1028,148,9,62,89,9,0
1029,142,9,64,92,11,0
1030,145,9,60,92,11,0
1031,148,9,59,89,12,0
1032,147,9,62,90,10,0
1033,146,9,61,89,10,0
1034,147,10,61,88,7,0
1035,143,10,62,89,8,0
1036,143,10,61,87,10,0
1037,148,9,59,84,10,0
1038,144,8,61,83,13,0
1039,146,8,57,84,14,0
1040,146,8,59,83,11,0
1041,146,9,58,83,11,0
1042,146,9,56,83,12,0
1043,146,8,58,84,11,0
1044,147,5,58,84,11,0
1045,146,4,59,83,12,0
1046,144,4,56,87,13,0
1047,141,4,62,84,12,0
1048,144,4,59,87,7,0
1049,145,4,60,83,7,0
1050,143,4,59,87,7,0
1051,142,4,60,89,4,0
1052,140,4,59,88,8,0
1053,139,4,58,89,9,0
1054,139,3,57,87,13,0
1055,138,3,56,85,16,0
1056,140,3,54,84,16,0
1057,142,4,54,83,15,0
1058,140,4,57,85,13,0
1059,139,3,59,84,14,0
1060,140,4,60,85,11,0
1061,138,4,61,87,10,0
1062,140,4,61,86,10,0
1063,138,4,63,86,11,0
1064,137,5,62,87,12,0
1065,139,5,60,86,11,0
1066,137,5,60,89,9,0
1067,137,5,63,86,8,0
1068,137,5,62,88,7,0
1069,136,5,63,84,10,0
1070,137,5,58,86,10,0
1071,137,5,54,84,14,0
1072,137,5,49,83,18,0
1073,135,5,46,84,21,0
1074,135,4,46,84,22,0
1075,140,4,50,80,17,0
1076,138,4,47,84,17,0
1077,144,4,49,82,11,0
1078,141,4,47,85,11,0
1079,140,4,45,84,14,0
1080,138,4,49,81,13,0
1081,139,3,50,80,12,0
1082,137,3,53,77,11,0
1083,135,3,55,77,10,0
1084,132,3,57,75,11,0
1085,129,4,55,78,11,0
1086,127,4,58,76,11,0
1087,130,3,58,75,9,0
1088,125,3,60,76,10,0
1089,123,3,61,73,11,0
1090,121,3,62,74,10,0
1091,117,3,63,73,12,0
1092,117,3,59,74,12,0
1093,116,4,58,75,10,0
1094,114,4,61,74,9,0
1095,114,4,58,76,9,0
1096,114,5,58,74,10,0
1097,118,5,58,71,8,0
1098,117,5,56,75,6,0
1099,114,5,55,75,9,0
1100,114,5,55,74,9,0
1101,115,5,54,71,9,0
1102,115,5,55,72,7,0
1103,112,5,57,70,9,0
1104,112,5,55,71,9,0
1105,114,4,50,73,11,0
1106,111,4,51,73,12,0
1107,112,2,50,74,10,0
1108,113,2,50,75,8,0
1109,113,2,49,75,9,0
1110,112,2,51,73,7,0
1111,114,3,53,69,5,0
1112,111,3,57,67,4,0
1113,111,3,55,65,8,0
1114,108,2,52,67,12,0
1115,109,2,51,67,12,0
1116,107,2,50,65,13,0
1117,108,2,43,68,15,0
1118,104,2,49,66,14,0
1119,105,2,48,67,12,0
1120,102,2,52,68,10,0
1121,101,2,50,71,8,0
1122,100,2,51,72,7,0
1123,103,2,48,70,8,0
1124,102,2,51,67,7,0
1125,101,2,51,68,7,0
1126,101,3,49,67,8,0
1127,102,2,47,67,10,0
1128,100,2,48,68,10,0
1129,98,2,46,70,11,0
1130,96,2,44,72,10,0
1131,94,3,44,70,13,0
1132,95,4,44,71,10,0
1133,101,5,43,67,8,0
1134,97,5,48,67,5,0
1135,94,5,50,66,6,0
1136,91,6,50,64,9,0
1137,92,6,47,61,11,0
1138,94,6,48,58,10,0
1139,91,6,50,59,10,0
1140,92,6,47,60,10,0
1141,91,6,48,61,9,0
1142,92,6,51,61,5,0
1143,95,6,47,59,7,0
1144,97,6,47,56,7,0
1145,96,7,46,57,7,0
1146,94,9,45,58,7,0
1147,95,9,43,61,5,0
1148,95,10,40,61,3,0
1149,97,10,40,59,3,0
1150,94,10,42,58,4,0
1151,88,10,41,59,7,0
1152,88,10,39,60,8,0
1153,88,10,39,56,9,0
1154,86,10,40,55,8,0
1155,86,9,40,57,7,0
1156,84,10,40,57,8,0
1157,89,10,37,56,7,0
1158,88,10,37,57,6,0
1159,88,10,34,56,8,0
1160,89,10,31,56,9,0
1161,86,9,33,58,9,0
1162,87,9,33,56,10,0
1163,86,9,35,55,10,0
1164,87,8,33,57,10,0
1165,84,8,34,57,11,0
1166,82,8,35,55,11,0
1167,84,7,38,54,7,0
1168,84,7,35,57,4,0
1169,81,7,34,55,7,0
1170,83,7,30,59,5,0
1171,80,7,33,57,4,0
1172,80,7,31,59,4,0
1173,78,8,30,58,7,0
1174,82,7,26,58,7,0
1175,78,6,29,61,5,0
1176,78,7,28,61,5,0
1177,75,7,29,63,5,0
1178,77,7,28,62,5,0
1179,76,8,30,59,5,0
1180,76,9,28,62,3,0
1181,73,9,27,62,6,0
1182,71,10,25,64,5,0
1183,71,11,27,60,6,0
1184,72,11,24,60,6,0
1185,70,13,25,57,7,0
1186,71,12,23,57,8,0
1187,70,12,23,59,7,0
1188,71,12,24,53,9,0
1189,70,12,22,57,7,0
1190,67,12,23,56,8,0
1191,70,12,22,52,10,0
1192,67,11,21,54,12,0
1193,68,13,21,48,13,0
1194,71,13,22,47,10,0
1195,74,12,19,49,9,0
1196,72,12,22,49,8,0
1197,71,13,21,51,6,0
1198,68,13,22,54,5,0
1199,72,13,17,55,4,0
1200,74,13,15,54,5,0
1201,76,11,15,52,6,0
1202,74,12,17,49,8,0
1203,74,13,15,49,9,0
1204,72,12,14,50,10,0
1205,72,12,14,53,7,0
1206,72,11,16,52,6,0
1207,70,10,17,53,4,0
1208,70,9,16,50,7,0
1209,68,9,18,49,7,0
1210,67,9,15,51,7,0
1211,63,8,16,52,8,0
1212,65,8,19,49,6,0
1213,65,8,15,52,6,0
1214,66,10,17,51,2,0
1215,66,11,16,50,2,0
1216,68,12,16,45,3,0
1217,68,11,15,47,2,0
1218,70,10,12,48,2,0
1219,68,10,13,47,4,0
1220,71,10,12,44,4,0
1221,70,8,11,46,6,0
1222,69,9,10,44,8,0
1223,67,9,10,44,9,0
1224,66,10,12,42,9,0
1225,67,11,10,41,9,0
1226,63,11,11,41,12,0
1227,61,12,11,43,11,0
1228,60,13,14,41,10,0
1229,59,16,11,40,11,0
1230,59,16,13,39,9,0
1231,61,15,12,41,6,0
1232,63,15,12,39,6,0
1233,61,15,13,38,6,0
1234,62,17,10,39,5,0
1235,61,18,10,38,6,0
1236,60,18,9,39,6,0
1237,57,19,11,40,5,0
1238,56,18,10,42,4,0
1239,57,20,7,40,5,0
1240,56,20,8,40,4,0
1241,57,20,12,37,2,0
1242,54,21,10,33,5,0
1243,51,21,10,35,6,0
1244,50,21,10,36,6,0
1245,48,20,11,36,7,0
1246,47,20,10,37,6,0
1247,48,19,11,35,7,0
1248,49,20,9,35,5,0
1249,49,19,9,35,6,0
1250,48,19,8,34,7,0
1251,43,21,7,35,9,0
1252,42,22,8,34,8,0
1253,39,20,9,32,11,0
1254,40,20,9,33,8,0
1255,40,20,9,34,7,0
1256,39,19,11,31,10,0
1257,41,18,10,33,7,0
1258,43,17,11,31,6,0
1259,42,18,7,34,7,0
1260,44,17,6,35,5,0
1261,44,19,5,36,3,0
1262,44,17,7,36,2,0
1263,43,19,8,33,3,0
1264,41,19,8,33,3,0
1265,42,19,8,33,2,0
1266,43,19,8,31,3,0
1267,45,18,7,29,3,0
1268,43,17,7,30,4,0
1269,42,17,6,31,4,0
1270,41,19,7,30,3,0
1271,41,19,7,27,5,0
1272,40,19,5,28,6,0
1273,40,19,6,27,6,0
1274,38,19,6,28,7,0
1275,41,18,7,27,5,0
1276,41,19,6,26,6,0
1277,41,18,7,27,4,0
1278,41,19,6,26,4,0
1279,39,17,7,28,4,0
1280,40,16,5,28,5,0
1281,39,17,9,25,4,0
1282,40,17,7,26,4,0
1283,41,17,7,26,3,0
1284,39,16,11,25,2,0
1285,42,16,10,24,1,0
1286,43,16,10,23,0,0
1287,44,16,9,22,0,0
1288,45,17,9,20,0,0
1289,43,17,8,21,1,0
1290,43,17,9,19,1,0
1291,43,15,9,20,1,0
1292,45,15,8,20,0,0
1293,44,17,8,19,0,0
1294,46,17,8,17,0,0
1295,45,16,10,15,0,0
1296,44,17,9,15,0,0
1297,43,17,9,15,1,0
1298,41,17,11,14,2,0
1299,38,17,9,14,3,0
1300,38,17,10,14,2,0
1301,39,18,9,12,2,0
1302,39,17,10,12,2,0
1303,41,15,7,14,3,0
1304,42,14,8,14,2,0
1305,40,14,7,14,3,0
1306,40,14,9,12,3,0
1307,40,14,8,14,2,0
1308,41,13,8,13,3,0
1309,42,13,4,14,3,0
1310,42,13,5,14,2,0
1311,41,13,2,17,3,0
1312,38,13,5,15,3,0
1313,37,13,5,14,3,0
1314,34,10,5,16,5,0
1315,34,10,4,16,5,0
1316,35,9,4,16,5,0
1317,36,8,4,16,3,0
1318,36,8,5,15,3,0
1319,35,8,8,14,1,0
1320,36,8,7,13,1,0
1321,36,8,5,14,2,0
1322,35,7,4,15,2,0
1323,36,6,5,12,3,0
1324,36,6,4,11,5,0
1325,36,7,3,11,5,0
1326,37,7,3,10,5,0
1327,37,7,3,10,5,0
1328,37,7,3,11,2,0
1329,34,6,4,11,2,0
1330,33,6,3,13,2,0
1331,33,6,4,11,2,0
1332,35,5,2,12,2,0
1333,35,5,3,10,2,0
1334,36,5,2,11,1,0
1335,35,5,2,12,1,0
1336,32,4,3,12,2,0
1337,33,4,4,11,1,0
1338,32,4,3,12,1,0
1339,31,5,3,11,2,0
1340,31,5,4,10,2,0
1341,29,4,4,11,4,0
1342,26,4,4,12,5,0
1343,25,3,4,13,5,0
1344,26,3,4,13,4,0
1345,27,3,5,10,4,0
1346,25,4,5,10,5,0
1347,25,5,5,11,3,0
1348,26,5,6,9,3,0
1349,26,6,5,9,3,0
1350,26,6,6,8,3,0
1351,26,6,5,9,2,0
1352,27,6,5,9,1,0
1353,25,6,6,9,1,0
1354,25,6,6,9,1,0
1355,25,6,6,9,1,0
1356,24,6,4,11,1,0
1357,22,7,4,9,2,0
1358,21,7,5,9,1,0
1359,22,6,4,9,1,0
1360,21,6,4,11,0,0
1361,20,6,4,11,1,0
1362,19,6,5,10,1,0
1363,18,6,5,8,2,0
1364,18,6,4,9,1,0
1365,18,7,3,8,1,0
1366,17,7,2,8,1,0
1367,17,7,2,7,1,0
1368,16,7,2,6,2,0
1369,13,6,2,6,4,0
1370,13,6,3,6,3,0
1371,13,6,2,7,3,0
1372,13,6,2,7,3,0
1373,13,5,3,7,3,0
1374,13,5,3,8,2,0
1375,15,5,4,7,0,0
1376,15,5,1,6,1,0
1377,15,4,2,6,1,0
1378,14,4,3,4,1,0
1379,12,4,3,4,2,0
1380,12,4,2,5,2,0
1381,14,3,2,5,1,0
1382,13,3,2,5,1,0
1383,13,3,3,4,1,0
1384,12,3,3,4,1,0
1385,12,3,3,4,1,0
1386,11,3,2,4,1,0
1387,13,3,1,4,0,0
1388,14,3,1,3,0,0
1389,13,3,1,4,0,0
1390,12,3,1,3,0,0
1391,12,3,1,3,0,0
1392,10,3,2,3,1,0
1393,10,3,2,3,1,0
1394,8,3,2,3,1,0
1395,8,2,3,3,1,0
1396,7,1,2,3,3,0
1397,8,1,1,3,3,0
1398,9,1,1,3,2,0
1399,9,1,1,3,2,0
1400,8,1,1,3,2,0
1401,7,0,1,3,4,0
1402,6,0,1,4,3,0
1403,4,0,2,4,3,0
1404,4,0,2,5,2,0
1405,4,0,3,4,2,0
1406,3,0,3,4,2,0
1407,3,0,3,5,1,0
1408,5,0,2,4,0,0
1409,5,0,2,4,0,0
1410,5,0,2,4,0,0
1411,4,0,2,4,0,0
1412,4,0,1,4,0,0
1413,4,0,1,4,0,0
1414,4,0,1,3,0,0
1415,4,0,1,3,0,0
1416,4,0,1,3,0,0
1417,3,0,1,3,1,0
1418,3,0,1,3,1,0
1419,2,0,2,3,1,0
1420,3,0,3,2,0,0
1421,3,0,3,2,0,0
1422,3,0,3,2,0,0
1423,3,0,3,2,0,0
1424,3,0,3,2,0,0
1425,3,0,3,2,0,0
1426,3,0,3,2,0,0
1427,3,0,3,2,0,0
1428,3,0,3,2,0,0
1429,3,0,3,2,0,0
1430,3,0,3,2,0,0
1431,3,0,3,2,0,0
1432,3,0,3,2,0,0
1433,3,0,3,2,0,0
1434,3,0,3,2,0,0
1435,3,0,3,2,0,0
1436,3,0,3,2,0,0
1437,4,0,2,2,0,0
1438,4,0,2,2,0,0
1439,4,0,2,1,1,0
1440,4,0,2,1,1,0
1441,4,0,2,1,1,0
